{
  "config": {
    "ante": 1,
    "bet_size": 3
  },
  "strategy_profile": {
    "K": {
      "CHECK": 0.9989848761979457,
      "BET": 0.001015123802054281
    },
    "Qc": {
      "CHECK": 0.9999850034492067,
      "BET": 1.4996550793317538e-05
    },
    "Kcb": {
      "FOLD": 7.514233690589057e-06,
      "CALL": 0.9999924857663094
    },
    "Qb": {
      "FOLD": 0.9998033839462357,
      "CALL": 0.00019661605376418447
    },
    "Q": {
      "CHECK": 0.9997325102654528,
      "BET": 0.00026748973454720484
    },
    "Jc": {
      "CHECK": 0.999459120072308,
      "BET": 0.0005408799276920568
    },
    "Qcb": {
      "FOLD": 0.9997602090767457,
      "CALL": 0.0002397909232542266
    },
    "Jb": {
      "FOLD": 0.9999850043487388,
      "CALL": 1.4995651261134271e-05
    },
    "Kc": {
      "CHECK": 3.0015608116220435e-05,
      "BET": 0.9999699843918838
    },
    "Kb": {
      "FOLD": 1.5007804058110217e-05,
      "CALL": 0.9999849921959418
    },
    "J": {
      "CHECK": 0.9998797702428687,
      "BET": 0.00012022975713128546
    },
    "Jcb": {
      "FOLD": 0.9999924721484599,
      "CALL": 7.527851540119107e-06
    }
  },
  "final_expected_value": 0.03,
  "num_iterations": 100000
}